<BackupInst xmlns="http://www.microsoft.com/GroupPolicy/GPOOperations/Manifest"><GPOGuid><![CDATA[{C4B2CF30-3000-4888-8698-D1C86059E9E0}]]></GPOGuid><GPODomain><![CDATA[Test.com]]></GPODomain><GPODomainGuid><![CDATA[{3e663f88-c869-464e-b06a-63545e0fc410}]]></GPODomainGuid><GPODomainController><![CDATA[ADC.Test.com]]></GPODomainController><BackupTime><![CDATA[2020-08-29T21:25:16]]></BackupTime><ID><![CDATA[{89225A4E-12B7-4FE0-9577-49014587D05D}]]></ID><Comment><![CDATA[ITOM_WMIAccess]]></Comment><GPODisplayName><![CDATA[ITOM_WMIAccess]]></GPODisplayName></BackupInst>
